{
    "Random Forest": {
        "Temperatura": 0.058932294989438985,
        "Humedad": 0.08766263345499713,
        "Lluvia": 0.1165976867379592,
        "Poblacion": 0.03756132216242283,
        "Parque_Vehicular": 0.03534264366143889,
        "Emisiones_Industriales_Ton": 0.03412003652137361,
        "PM2.5_ayer": 0.0564149865496124,
        "PM10_ayer": 0.05525850847942419,
        "O3_ayer": 0.05605090495087627,
        "NO2_ayer": 0.05361432815488879,
        "SO2_ayer": 0.05504783812196301,
        "CO_ayer": 0.0556371192108363,
        "PM2.5_ma3": 0.08565050436526252,
        "PM10_ma3": 0.07326587840632706,
        "Temperatura_ma3": 0.0681503557993069,
        "Densidad_Vehicular_Pob": 0.02783995968879736,
        "Mes": 0.04285299874507462
    },
    "XGBoost": {
        "Temperatura": 0.013218289241194725,
        "Humedad": 0.013513235375285149,
        "Lluvia": 0.709311306476593,
        "Poblacion": 0.022006284445524216,
        "Parque_Vehicular": 0.023336496204137802,
        "Emisiones_Industriales_Ton": 0.029743216931819916,
        "PM2.5_ayer": 0.014347022399306297,
        "PM10_ayer": 0.014413783326745033,
        "O3_ayer": 0.013651694171130657,
        "NO2_ayer": 0.014277951791882515,
        "SO2_ayer": 0.013638800010085106,
        "CO_ayer": 0.014678999781608582,
        "PM2.5_ma3": 0.03653820976614952,
        "PM10_ma3": 0.01395715493708849,
        "Temperatura_ma3": 0.014536774717271328,
        "Densidad_Vehicular_Pob": 0.013106001541018486,
        "Mes": 0.025724701583385468
    }
}