{
    "Regresi\u00f3n Log\u00edstica": {
        "Accuracy": 0.7158904109589042,
        "Precision": 0.669260700389105,
        "Recall": 0.7314702308626975,
        "F1_Score": 0.6989840348330915,
        "AUC_ROC": 0.7918367396434348
    },
    "Random Forest": {
        "Accuracy": 0.7016438356164384,
        "Precision": 0.6551532033426184,
        "Recall": 0.7144592952612394,
        "F1_Score": 0.6835222319093287,
        "AUC_ROC": 0.781745591441661
    },
    "XGBoost": {
        "Accuracy": 0.686027397260274,
        "Precision": 0.6450116009280742,
        "Recall": 0.675577156743621,
        "F1_Score": 0.6599406528189911,
        "AUC_ROC": 0.7687798764560794
    },
    "Red Neuronal (MLP)": {
        "Accuracy": 0.6805479452054795,
        "Precision": 0.6468788249694002,
        "Recall": 0.6421628189550426,
        "F1_Score": 0.6445121951219512,
        "AUC_ROC": 0.7555551109203222
    }
}